{
    "plantasInterior": [
        {
            "nombre": "Phalaenopsis 2 tallos",
            "codin": "203845",
            "precio": "9.99",
            "oferta": "no",
            "ubicacion": [
                {"lugar":"Mesa"},
                {"lugar":"Estanteria"}
            ],
            "flor": "Si",
            "cuidados": "Normal",
            "luzdir": "No",
            "luzindir": "de 2 a 6 horas",
            "url": "https://verdecora.es/52336-large_default/orquidea-phalaenopsis-rosa-2-tallos-en-maceta-12cm.jpg"
        },
        {
            "nombre": "Hortensia de Interior 3 Litros",
            "codin": "213583",
            "precio": "14.99",
            "oferta": "no",
            "ubicacion": [
                {"lugar":"Mesa"},
                {"lugar":"Suelo"}
            ],
            "flor": "Si",
            "cuidados": "Normal",
            "luzdir": "No",
            "luzindir": "de 2 a 6 horas",
            "url": "https://verdecora.es/54191-large_default/hortensia-variedades.jpg"
        },
        {
            "nombre": "Crasa",
            "codin": "087418",
            "precio": "0.65",
            "oferta": "no",
            "ubicacion": [
                {"lugar":"Mesa"},
                {"lugar":"Estanteria"}
            ],
            "flor": "No",
            "cuidados": "Bajo",
            "luzdir": "Si",
            "luzindir": " ",
            "url": "https://verdecora.es/52185-large_default/crasas-surtido-variado.jpg"
        },
        {
            "nombre": "Areca",
            "codin": "066826",
            "precio": "12.99",
            "oferta": "no",
            "ubicacion": [
                {"lugar":"Suelo"}
            ],
            "flor": "No",
            "cuidados": "Bajo",
            "luzdir": "No",
            "luzindir": "de 2 a 6 horas",
            "url": "https://verdecora.es/19261-large_default/areca.jpg"
        },
        {
            "nombre": "Kalanchoe",
            "codin": "322589",
            "precio": "1.59",
            "oferta": "no",
            "ubicacion": [
                {"lugar":"Mesa"},
                {"lugar":"Estanteria"}
            ],
            "flor": "Si",
            "cuidados": "Bajo",
            "luzdir": "No",
            "luzindir": "de 2 a 6 horas",
            "url": "https://verdecora.es/56215-large_default/kalanchoe-planta-de-interior-en-maceta.jpg"
        },
        {
            "nombre": "Anthurium",
            "codin": "307142",
            "precio": "7.99",
            "oferta": "no",
            "ubicacion": [
                {"lugar":"Mesa"},
                {"lugar":"Estanteria"}
            ],
            "flor": "Si",
            "cuidados": "Bajo",
            "luzdir": "No",
            "luzindir": "de 2 a 6 horas",
            "url": "https://verdecora.es/48040-large_default/anthurium-surtido-colores.jpg"
        },
        {
            "nombre": "Sanseiviera",
            "codin": "344190",
            "precio": "2.99",
            "oferta": "no",
            "ubicacion": [
                {"lugar":"Mesa"},
                {"lugar":"Estanteria"}
            ],
            "flor": "Si",
            "cuidados": "Bajo",
            "luzdir": "No",
            "luzindir": "menos de 2 horas",
            "url": "https://verdecora.es/45682-large_default/sanseviera-surtido-variado.jpg"
        },
        {
            "nombre": "Spathiphyllum",
            "codin": "322588",
            "precio": "1,99",
            "oferta": "no",
            "ubicacion": [
                {"lugar":"Mesa"},
                {"lugar":"Estanteria"},
                {"lugar":"Suelo"}
            ],
            "flor": "Si",
            "cuidados": "Normal",
            "luzdir": "No",
            "luzindir": "de 2 a 6 horas",
            "url": "https://verdecora.es/48024-large_default/spathiphyllum-planta.jpg"
        },
        {
            "nombre": "Rosal Mini",
            "codin": "072532",
            "precio": "6.99",
            "oferta": "no",
            "ubicacion": [
                {"lugar":"Mesa"},
                {"lugar":"Estanteria"}
            ],
            "flor": "Si",
            "cuidados": "Normal",
            "luzdir": "No",
            "luzindir": "mas de 6 horas",
            "url": "https://verdecora.es/48036-large_default/rosal-mini-maceta-13-cm.jpg"
        },
        {
            "nombre": "Gerbera",
            "codin": "073931",
            "precio": "2,99",
            "oferta": "no",
            "ubicacion": [
                {"lugar":"Mesa"},
                {"lugar":"Estanteria"}
            ],
            "flor": "Si",
            "cuidados": "Normal",
            "luzdir": "No",
            "luzindir": "mas de 6 horas",
            "url": "img/gerbera.jpg"
        },
        {
            "nombre": "Campanula",
            "codin": "242481",
            "precio": "4,99",
            "oferta": "no",
            "ubicacion": [
                {"lugar":"Mesa"},
                {"lugar":"Estanteria"}
            ],
            "flor": "Si",
            "cuidados": "Normal",
            "luzdir": "Si",
            "luzindir": "de 2 a 6 horas",
            "url": "https://verdecora.es/48015-large_default/campanula-en-maceta.jpg"
        },
        {
            "nombre": "Potho",
            "codin": "135219",
            "precio": "2,99",
            "oferta": "no",
            "ubicacion": [
                {"lugar":"Mesa"},
                {"lugar":"Estanteria"},
                {"lugar":"Suelo"}
            ],
            "flor": "No",
            "cuidados": "Bajo",
            "luzdir": "No",
            "luzindir": "menos de 2 horas",
            "url": "https://verdecora.es/19249-large_default/potho.jpg"
        },
        {
            "nombre": "Bromelia",
            "codin": "322586",
            "precio": "3,99",
            "oferta": "no",
            "ubicacion": [
                {"lugar":"Mesa"},
                {"lugar":"Estanteria"}
            ],
            "flor": "Si",
            "Cuidados": "Bajo",
            "luzdir": "No",
            "luzindir": "mas de 6 horas",
            "url": "https://verdecora.es/35502-large_default/bromelia.jpg"
        },
        {
            "nombre": "Bananera",
            "codin": "353058",
            "precio": "6,99",
            "oferta": "Si",
            "ubicacion": [
                {"lugar":"Suelo"}
            ],
            "flor": "No",
            "cuidados": "Normal",
            "luzdir": "No",
            "luzindir": "mas de 6 horas",
            "url": "https://verdecora.es/57021-large_default/bananera-maceta-13cm.jpg"
        },
        {
            "nombre": "Pilea Peperomioides",
            "codin": "342080",
            "precio": "12,99",
            "oferta": "no",
            "ubicacion": [
                {"lugar":"Mesa"},
                {"lugar":"Estanteria"}
            ],
            "flor": "No",
            "cuidados": "Normal",
            "luzdir": "No",
            "luzindir": "de 2 a 6 horas",
            "url": "https://verdecora.es/52324-large_default/pilea-peperomioides-maceta-12cm.jpg"
        },
        {
            "nombre": "Kentia",
            "codin": "070600",
            "precio": "26,99",
            "oferta": "no",
            "ubicacion": [
                {"lugar":"Suelo"}
            ],
            "flor": "No",
            "Cuidados": "Bajo",
            "luzdir": "No",
            "luzindir": "de 2 a 6 horas",
            "url": "https://verdecora.es/13444-large_default/kentia-planta-interior.jpg"
        },
        {
            "nombre": "Dracenas",
            "codin": "101670",
            "precio": "16,99",
            "oferta": "no",
            "ubicacion": [
                {"lugar":"Suelo"}
            ],
            "flor": "No",
            "cuidados": "Bajo",
            "luzdir": "No",
            "luzindir": "menos de 2 horas",
            "url": "https://verdecora.es/19278-large_default/dracena-compacta.jpg"
        },
        {
            "nombre": "Gardenia",
            "codin": "073292",
            "precio": "6,99",
            "oferta": "no",
            "ubicacion": [
                {"lugar":"Mesa"},
                {"lugar":"Estanteria"}
            ],
            "flor": "Si",
            "cuidados": "Normal",
            "luzdir": "Si",
            "luzindir": " ",
            "url": "https://verdecora.es/48043-large_default/gardenia-maceta-12cm.jpg"
        },
        {
            "nombre": "Tronco de Brasil",
            "codin": "255436",
            "precio": "12.99",
            "oferta": "no",
            "ubicacion": [
                {"lugar":"Mesa"},
                {"lugar":"Estanteria"}
            ],
            "flor": "No",
            "cuidados": "Bajo",
            "luzdir": "No",
            "luzindir": "de 2 a 6 horas",
            "url": "https://verdecora.es/37186-large_default/tronco-del-brasil.jpg"
        },
        {
            "nombre": "Carnívoras",
            "codin": "058731",
            "precio": "5,99",
            "oferta": "no",
            "ubicacion": [
                {"lugar":"Mesa"},
                {"lugar":"Estanteria"}
            ],
            "flor": "No",
            "cuidados": "Normal",
            "luzdir": "No",
            "luzindir": "mas de 6 horas",
            "url": "https://verdecora.es/49035-large_default/dionaea-muscipula-planta-carnivora.jpg"
        },
        {
            "nombre": "Azucena",
            "codin": "258364",
            "precio": "6,99",
            "oferta": "no",
            "ubicacion": [
                {"lugar":"Mesa"},
                {"lugar":"Estanteria"}
            ],
            "flor": "Si",
            "cuidados": "Normal",
            "luzdir": "No",
            "luzindir": "de 2 a 6 horas",
            "url": "img/azucena.jpg"
        },
        {
            "nombre": "Helecho",
            "codin": "106331",
            "precio": "4,99",
            "oferta": "no",
            "ubicacion": [
                {"lugar":"Mesa"},
                {"lugar":"Estanteria"}
            ],
            "flor": "No",
            "cuidados": "Normal",
            "luzdir": "No",
            "luzindir": "de 2 a 6 horas",
            "url": "https://verdecora.es/13473-large_default/helecho-maceta-planta-verde.jpg"
        },
        {
            "nombre": "Ficus Robusta",
            "codin": "104450",
            "precio": "34,99",
            "oferta": "no",
            "ubicacion": [
                {"lugar":"Suelo"}
            ],
            "flor": "No",
            "cuidados": "Bajo",
            "luzdir": "No",
            "luzindir": "de 2 a 6 horas",
            "url": "https://verdecora.es/13344-large_default/ficus-robusta.jpg"
        },
        {
            "nombre": "Ficus Danielle",
            "codin": "220426",
            "precio": "12,99",
            "oferta": "no",
            "ubicacion": [
                {"lugar":"Suelo"}
            ],
            "flor": "No",
            "cuidados": "Bajo",
            "luzdir": "No",
            "luzindir": "de 2 a 6 horas",
            "url": "https://verdecora.es/56891-large_default/ficus-danielle.jpg"
        },
        {
            "nombre": "Cocotera",
            "codin": "350554",
            "precio": "12,99",
            "oferta": "no",
            "ubicacion": [
                {"lugar":"Suelo"}
            ],
            "flor": "No",
            "cuidados": "Bajo",
            "luzdir": "No",
            "luzindir": "mas de 6 horas",
            "url": "https://verdecora.es/56890-large_default/palmera-cocotera.jpg"
        },
        {
            "nombre": "Calathea Crocata",
            "codin": "064607",
            "precio": "12,99",
            "oferta": "no",
            "ubicacion": [
                {"lugar":"Mesa"},
                {"lugar":"Estanteria"}
            ],
            "flor": "Si",
            "cuidados": "Normal",
            "luzdir": "No",
            "luzindir": "de 2 a 6 horass",
            "url": "https://verdecora.es/21119-large_default/calathea-crocata-en-maceta-o13cm.jpg"
        },
        {
            "nombre": "Calathea",
            "codin": "350554",
            "precio": "12,99",
            "oferta": "no",
            "ubicacion": [
                {"lugar":"Mesa"},
                {"lugar":"Suelo"}
            ],
            "flor": "No",
            "cuidados": "Bajo",
            "luzdir": "Si",
            "luzindir": " ",
            "url": "https://verdecora.es/14273-large_default/calathea-maceta-3-litros.jpg"
        },
        {
            "nombre": "Aloe Vera",
            "codin": "072506",
            "precio": "4,99",
            "oferta": "no",
            "ubicacion": [
                {"lugar":"Mesa"},
                {"lugar":"Suelo"},
                {"lugar":"Estanteria"}
            ],
            "flor": "No",
            "cuidados": "Bajo",
            "luzdir": "Si",
            "luzindir": " ",
            "url": "https://verdecora.es/56202-large_default/aloe-vera.jpg"
        },
        {
            "nombre": "Tillandsia",
            "codin": "352600",
            "precio": "4,99",
            "oferta": "no",
            "ubicacion": [
                {"lugar":"Mesa"},
                {"lugar":"Estanteria"}
            ],
            "flor": "No",
            "cuidados": "Bajo",
            "luzdir": "No",
            "luzindir": "menos de 2 horas",
            "url": "img/tillandsia.jpg"
        },
        {
            "nombre": "Peperomia",
            "codin": "209139",
            "precio": "5,99",
            "oferta": "no",
            "ubicacion": [
                {"lugar":"Mesa"},
                {"lugar":"Estanteria"}
            ],
            "flor": "No",
            "cuidados": "Bajo",
            "luzdir": "No",
            "luzindir": "de 2 a 6 horas",
            "url": "https://verdecora.es/10903-large_default/peperomia-maceta-o12cm.jpg"
        },
        {
            "nombre": "Planta del dinero",
            "codin": "120540",
            "precio": "3,99",
            "oferta": "no",
            "ubicacion": [
                {"lugar":"Estanteria"}
            ],
            "flor": "No",
            "cuidados": "Bajo",
            "luzdir": "No",
            "luzindir": "de 2 a 6 horas",
            "url": "https://verdecora.es/10901-large_default/planta-del-dinero-colgante.jpg"
        },
        {
            "nombre": "Violeta Africana",
            "codin": "136880",
            "precio": "2,99",
            "oferta": "no",
            "ubicacion": [
                {"lugar":"Mesa"}
            ],
            "flor": "Si",
            "cuidados": "Normal",
            "luzdir": "No",
            "luzindir": "de 2 a 6 horas",
            "url": "https://verdecora.es/48046-large_default/violeta-africana-maceta-12-cm.jpg"
        },
        {
            "nombre": "Fittonia",
            "codin": "251867",
            "precio": "2,49",
            "oferta": "no",
            "ubicacion": [
                {"lugar":"Mesa"}
            ],
            "flor": "No",
            "cuidados": "Normal",
            "luzdir": "No",
            "luzindir": "de 2 a 6 horas",
            "url": "https://verdecora.es/13466-large_default/fittonia-maceta-9cm.jpg"
        },
        {
            "nombre": "Schefflera",
            "codin": "131747",
            "precio": "29,99",
            "oferta": "no",
            "ubicacion": [
                {"lugar":"Suelo"}
            ],
            "flor": "No",
            "cuidados": "Normal",
            "luzdir": "No",
            "luzindir": "de 2 a 6 horas",
            "url": "https://verdecora.es/13488-large_default/schefflera-gold.jpg"
        },
        {
            "nombre": "Zamioculca",
            "codin": "101460",
            "precio": "5,99",
            "oferta": "no",
            "ubicacion": [
                {"lugar":"Suelo"}
            ],
            "flor": "No",
            "cuidados": "Bajo",
            "luzdir": "No",
            "luzindir": "menos de 2 horas",
            "url": "https://verdecora.es/13485-large_default/zamioculca-en-maceta.jpg"
        },
        {
            "nombre": "Ripsalis de flor",
            "codin": "110831",
            "precio": "2,99",
            "oferta": "no",
            "ubicacion": [
                {"lugar":"Mesa"},
                {"lugar":"Estanteria"}
            ],
            "flor": "Si",
            "cuidados": "Bajo",
            "luzdir": "Si",
            "luzindir": " ",
            "url": "https://verdecora.es/17840-large_default/ripsalis-de-flor.jpg"
        },
        {
            "nombre": "Alocasia",
            "codin": "301329",
            "precio": "6,99",
            "oferta": "no",
            "ubicacion": [
                {"lugar":"Suelo"}
            ],
            "flor": "No",
            "cuidados": "Normal",
            "luzdir": "No",
            "luzindir": "mas de 6 horas",
            "url": "https://verdecora.es/10908-large_default/alocasia-polly-maceta-o13cm.jpg"
        },
        {
            "nombre": "Beaucarnea",
            "codin": "324326",
            "precio": "14,99",
            "oferta": "no",
            "ubicacion": [
                {"lugar":"Mesa"},
                {"lugar":"Suelo"}
            ],
            "flor": "No",
            "cuidados": "Bajo",
            "luzdir": "No",
            "luzindir": "de 2 a 6 horas",
            "url": "img/beaucarnea.jpg"
        },
        {
            "nombre": "Pachira",
            "codin": "091399",
            "precio": "9,99",
            "oferta": "no",
            "ubicacion": [
                {"lugar":"Mesa"},
                {"lugar":"Suelo"}
            ],
            "flor": "No",
            "cuidados": "Bajo",
            "luzdir": "No",
            "luzindir": "mas de 6 horas",
            "url": "https://verdecora.es/43336-large_default/pachira.jpg"
        },
        {
            "nombre": "Yucca",
            "codin": "113347",
            "precio": "6,99",
            "oferta": "no",
            "ubicacion": [
                {"lugar":"Mesa"},
                {"lugar":"Suelo"}
            ],
            "flor": "No",
            "cuidados": "Bajo",
            "luzdir": "No",
            "luzindir": "de 2 a 6 horas",
            "url": "https://verdecora.es/plantas-verdes/113347-yucca-maceta-12cm.html"
        },
        {
            "nombre": "Aspidistra",
            "codin": "142048",
            "precio": "24,99",
            "oferta": "no",
            "ubicacion": [
                {"lugar":"Suelo"}
            ],
            "flor": "No",
            "cuidados": "Bajo",
            "luzdir": "No",
            "luzindir": "menos de 2 horas",
            "url": "https://verdecora.es/39759-large_default/aspidistra-maceta-3-litros.jpg"
        },
        {
            "nombre": "Diefembaccia",
            "codin": "250009",
            "precio": "9,99",
            "oferta": "no",
            "ubicacion": [
                {"lugar":"Mesa"},
                {"lugar":"Suelo"}
            ],
            "flor": "No",
            "cuidados": "Normal",
            "luzdir": "No",
            "luzindir": "de 2 a 6 horas",
            "url": "https://verdecora.es/10904-large_default/dieffembachia-camilla-maceta-3-litros.jpg"
        }
    ]
}